time_seconds,position_cm,mass,paddle,trial
0.0,-10.79,keys,none,1
0.6,-10.95,keys,none,1
2.533,-11.52,keys,none,1
5.766,-16.16,keys,none,1
5.8,-16.12,keys,none,1
5.833,-16.19,keys,none,1
5.866,-16.19,keys,none,1
5.9,-16.19,keys,none,1
5.933,-16.19,keys,none,1
5.966,-16.28,keys,none,1
6.0,-16.35,keys,none,1
6.033,-16.25,keys,none,1
6.066,-16.35,keys,none,1
6.1,-16.38,keys,none,1
6.966,-16.54,keys,none,1
7.833,-17.08,keys,none,1
8.199,-17.3,keys,none,1
8.466,-17.17,keys,none,1
8.499,-16.38,keys,none,1
8.533,-16.38,keys,none,1
8.566,-15.17,keys,none,1
8.599,-13.49,keys,none,1
8.633,-11.77,keys,none,1
8.666,-10.12,keys,none,1
8.699,-8.372,keys,none,1
8.733,-6.974,keys,none,1
8.766,-5.989,keys,none,1
8.799,-5.322,keys,none,1
8.833,-5.354,keys,none,1
8.866,-5.862,keys,none,1
8.899,-6.752,keys,none,1
8.933,-8.023,keys,none,1
8.966,-9.357,keys,none,1
8.999,-11.01,keys,none,1
9.033,-12.44,keys,none,1
9.066,-13.55,keys,none,1
9.099,-14.57,keys,none,1
9.133,-15.11,keys,none,1
9.166,-15.04,keys,none,1
9.199,-14.5,keys,none,1
9.233,-13.46,keys,none,1
9.266,-12.15,keys,none,1
9.299,-10.95,keys,none,1
9.333,-9.738,keys,none,1
9.366,-8.531,keys,none,1
9.399,-7.514,keys,none,1
9.433,-6.911,keys,none,1
9.466,-6.752,keys,none,1
9.499,-6.911,keys,none,1
9.533,-7.324,keys,none,1
9.566,-8.118,keys,none,1
9.599,-9.103,keys,none,1
9.633,-10.21,keys,none,1
9.666,-11.33,keys,none,1
9.699,-12.66,keys,none,1
9.733,-13.39,keys,none,1
9.766,-14.0,keys,none,1
9.799,-14.22,keys,none,1
9.833,-13.93,keys,none,1
9.866,-13.46,keys,none,1
9.899,-12.69,keys,none,1
9.933,-11.68,keys,none,1
9.966,-10.56,keys,none,1
9.999,-9.643,keys,none,1
10.033,-8.722,keys,none,1
10.066,-8.118,keys,none,1
10.099,-7.673,keys,none,1
10.133,-7.578,keys,none,1
10.166,-7.832,keys,none,1
10.199,-8.245,keys,none,1
10.233,-9.008,keys,none,1
10.266,-9.992,keys,none,1
10.299,-10.98,keys,none,1
10.333,-11.93,keys,none,1
10.366,-12.63,keys,none,1
10.399,-13.14,keys,none,1
10.433,-13.46,keys,none,1
10.466,-13.52,keys,none,1
10.499,-13.17,keys,none,1
10.533,-12.72,keys,none,1
10.566,-11.96,keys,none,1
10.599,-11.2,keys,none,1
10.633,-10.34,keys,none,1
10.666,-9.548,keys,none,1
10.699,-8.976,keys,none,1
10.732,-8.563,keys,none,1
10.766,-8.309,keys,none,1
10.799,-8.404,keys,none,1
10.832,-8.753,keys,none,1
10.866,-9.262,keys,none,1
10.899,-9.897,keys,none,1
10.932,-10.63,keys,none,1
10.966,-11.39,keys,none,1
10.999,-12.06,keys,none,1
11.032,-12.44,keys,none,1
11.066,-12.82,keys,none,1
11.099,-13.04,keys,none,1
11.132,-12.72,keys,none,1
11.166,-12.38,keys,none,1
11.199,-11.8,keys,none,1
11.232,-11.3,keys,none,1
11.266,-10.56,keys,none,1
11.299,-9.961,keys,none,1
11.332,-9.548,keys,none,1
11.366,-9.039,keys,none,1
11.399,-8.849,keys,none,1
11.432,-8.817,keys,none,1
11.466,-9.198,keys,none,1
11.499,-9.548,keys,none,1
11.532,-10.09,keys,none,1
11.566,-10.56,keys,none,1
11.599,-11.23,keys,none,1
11.632,-11.64,keys,none,1
11.666,-12.09,keys,none,1
11.699,-12.34,keys,none,1
11.732,-12.57,keys,none,1
11.766,-12.34,keys,none,1
11.799,-12.03,keys,none,1
11.832,-11.55,keys,none,1
11.866,-11.17,keys,none,1
11.899,-10.69,keys,none,1
11.932,-10.15,keys,none,1
11.966,-9.738,keys,none,1
11.999,-9.357,keys,none,1
12.032,-9.071,keys,none,1
12.066,-9.135,keys,none,1
12.099,-9.421,keys,none,1
12.132,-9.77,keys,none,1
12.166,-10.09,keys,none,1
12.199,-10.47,keys,none,1
12.232,-11.01,keys,none,1
12.266,-11.39,keys,none,1
12.299,-11.8,keys,none,1
12.332,-12.12,keys,none,1
12.366,-12.22,keys,none,1
12.399,-12.06,keys,none,1
12.432,-11.87,keys,none,1
12.466,-11.58,keys,none,1
12.499,-11.2,keys,none,1
12.532,-10.72,keys,none,1
12.566,-10.28,keys,none,1
12.599,-9.834,keys,none,1
12.632,-9.611,keys,none,1
12.666,-9.516,keys,none,1
12.699,-9.548,keys,none,1
12.732,-9.643,keys,none,1
12.766,-10.02,keys,none,1
12.799,-10.31,keys,none,1
12.832,-10.69,keys,none,1
12.866,-10.95,keys,none,1
12.899,-11.36,keys,none,1
12.932,-11.64,keys,none,1
12.966,-11.8,keys,none,1
12.999,-11.87,keys,none,1
13.032,-11.71,keys,none,1
13.066,-11.55,keys,none,1
13.099,-11.3,keys,none,1
13.132,-10.95,keys,none,1
13.166,-10.66,keys,none,1
13.199,-10.31,keys,none,1
13.232,-9.992,keys,none,1
13.266,-9.77,keys,none,1
13.299,-9.675,keys,none,1
13.332,-9.834,keys,none,1
13.366,-10.44,keys,none,1
13.399,-10.12,keys,none,1
13.432,-10.09,keys,none,1
13.466,-10.82,keys,none,1
13.499,-11.1,keys,none,1
13.532,-11.33,keys,none,1
13.566,-11.58,keys,none,1
13.599,-11.64,keys,none,1
13.632,-11.58,keys,none,1
13.666,-11.45,keys,none,1
13.699,-11.26,keys,none,1
13.732,-10.98,keys,none,1
13.766,-10.79,keys,none,1
13.799,-10.5,keys,none,1
13.832,-10.18,keys,none,1
13.866,-10.02,keys,none,1
13.899,-9.802,keys,none,1
13.932,-9.738,keys,none,1
13.966,-9.897,keys,none,1
13.999,-10.21,keys,none,1
14.032,-10.47,keys,none,1
14.066,-10.69,keys,none,1
14.099,-11.01,keys,none,1
14.132,-11.26,keys,none,1
14.166,-11.36,keys,none,1
14.199,-11.49,keys,none,1
14.232,-11.61,keys,none,1
14.266,-11.55,keys,none,1
14.299,-11.33,keys,none,1
14.332,-11.17,keys,none,1
14.366,-10.91,keys,none,1
14.399,-10.69,keys,none,1
14.432,-10.53,keys,none,1
14.466,-10.37,keys,none,1
14.499,-10.12,keys,none,1
14.532,-9.961,keys,none,1
14.566,-9.992,keys,none,1
14.599,-10.15,keys,none,1
14.632,-10.34,keys,none,1
14.666,-10.6,keys,none,1
14.699,-10.85,keys,none,1
14.732,-10.98,keys,none,1
14.766,-11.17,keys,none,1
14.799,-11.3,keys,none,1
14.832,-11.39,keys,none,1
14.866,-11.39,keys,none,1
14.899,-11.3,keys,none,1
14.932,-11.14,keys,none,1
14.965,-11.01,keys,none,1
14.999,-10.91,keys,none,1
15.032,-10.76,keys,none,1
15.065,-10.5,keys,none,1
15.099,-10.28,keys,none,1
15.132,-10.21,keys,none,1
15.165,-10.21,keys,none,1
15.199,-10.34,keys,none,1
15.232,-10.47,keys,none,1
15.265,-10.53,keys,none,1
15.299,-10.82,keys,none,1
15.332,-11.01,keys,none,1
15.365,-11.14,keys,none,1
15.399,-11.26,keys,none,1
15.432,-11.42,keys,none,1
15.465,-11.42,keys,none,1
15.499,-11.23,keys,none,1
15.532,-11.1,keys,none,1
15.565,-11.01,keys,none,1
15.599,-10.91,keys,none,1
15.632,-10.76,keys,none,1
15.665,-10.5,keys,none,1
15.699,-10.34,keys,none,1
15.732,-10.21,keys,none,1
15.765,-10.21,keys,none,1
15.799,-10.31,keys,none,1
15.832,-10.5,keys,none,1
15.865,-10.66,keys,none,1
15.899,-10.79,keys,none,1
15.932,-10.91,keys,none,1
15.965,-11.17,keys,none,1
15.999,-11.23,keys,none,1
16.032,-11.3,keys,none,1
16.065,-11.3,keys,none,1
16.099,-11.2,keys,none,1
16.132,-11.17,keys,none,1
16.165,-11.07,keys,none,1
16.199,-10.95,keys,none,1
16.232,-10.88,keys,none,1
16.265,-10.79,keys,none,1
16.299,-10.5,keys,none,1
16.332,-10.41,keys,none,1
16.365,-10.37,keys,none,1
16.399,-10.37,keys,none,1
16.432,-10.41,keys,none,1
16.465,-10.5,keys,none,1
16.499,-10.6,keys,none,1
16.532,-10.76,keys,none,1
16.565,-10.91,keys,none,1
16.599,-10.95,keys,none,1
16.632,-11.07,keys,none,1
16.665,-10.98,keys,none,1
16.699,-11.04,keys,none,1
16.732,-10.91,keys,none,1
16.765,-10.82,keys,none,1
16.799,-10.72,keys,none,1
16.832,-10.63,keys,none,1
16.865,-10.56,keys,none,1
16.899,-10.44,keys,none,1
16.932,-10.44,keys,none,1
16.965,-10.37,keys,none,1
16.999,-10.37,keys,none,1
17.032,-10.41,keys,none,1
17.065,-10.56,keys,none,1
17.099,-10.66,keys,none,1
17.132,-10.82,keys,none,1
17.165,-10.95,keys,none,1
17.199,-11.07,keys,none,1
17.232,-11.04,keys,none,1
17.265,-11.04,keys,none,1
17.299,-11.14,keys,none,1
17.332,-11.07,keys,none,1
17.365,-11.01,keys,none,1
17.399,-10.91,keys,none,1
17.432,-10.82,keys,none,1
17.465,-10.63,keys,none,1
17.499,-10.5,keys,none,1
17.532,-10.47,keys,none,1
17.565,-10.53,keys,none,1
17.599,-10.47,keys,none,1
17.632,-10.5,keys,none,1
17.665,-10.56,keys,none,1
17.699,-10.66,keys,none,1
17.732,-10.79,keys,none,1
17.765,-10.95,keys,none,1
17.799,-10.95,keys,none,1
17.832,-10.95,keys,none,1
17.865,-11.07,keys,none,1
17.899,-11.1,keys,none,1
17.932,-11.07,keys,none,1
17.965,-11.04,keys,none,1
17.999,-11.04,keys,none,1
18.032,-10.79,keys,none,1
18.065,-10.76,keys,none,1
18.099,-10.69,keys,none,1
18.132,-10.6,keys,none,1
18.165,-10.6,keys,none,1
18.199,-10.56,keys,none,1
18.232,-10.66,keys,none,1
18.265,-10.69,keys,none,1
18.299,-10.76,keys,none,1
18.332,-10.82,keys,none,1
18.365,-10.98,keys,none,1
18.399,-10.98,keys,none,1
18.432,-11.07,keys,none,1
18.465,-11.04,keys,none,1
18.499,-11.01,keys,none,1
18.532,-11.01,keys,none,1
18.565,-11.01,keys,none,1
18.599,-10.88,keys,none,1
18.632,-10.72,keys,none,1
18.665,-10.69,keys,none,1
18.699,-10.6,keys,none,1
18.732,-10.56,keys,none,1
18.765,-10.56,keys,none,1
18.799,-10.63,keys,none,1
18.832,-10.6,keys,none,1
18.865,-10.6,keys,none,1
18.899,-10.63,keys,none,1
18.932,-10.69,keys,none,1
18.965,-10.79,keys,none,1
18.999,-10.85,keys,none,1
19.032,-10.95,keys,none,1
19.065,-11.01,keys,none,1
19.099,-10.95,keys,none,1
19.132,-10.88,keys,none,1
19.165,-10.85,keys,none,1
19.199,-10.79,keys,none,1
19.232,-10.66,keys,none,1
19.265,-10.66,keys,none,1
19.298,-10.6,keys,none,1
19.332,-10.56,keys,none,1
19.365,-10.53,keys,none,1
19.398,-10.56,keys,none,1
19.432,-10.6,keys,none,1
19.465,-10.6,keys,none,1
19.498,-10.6,keys,none,1
19.532,-10.66,keys,none,1
19.565,-10.79,keys,none,1
19.598,-10.82,keys,none,1
19.632,-10.95,keys,none,1
19.665,-10.98,keys,none,1
19.698,-10.98,keys,none,1
19.732,-10.98,keys,none,1
19.765,-10.98,keys,none,1
19.798,-10.85,keys,none,1
19.832,-10.85,keys,none,1
19.865,-10.79,keys,none,1
19.898,-10.72,keys,none,1
19.932,-10.72,keys,none,1
19.965,-10.72,keys,none,1
19.998,-10.69,keys,none,1
20.032,-10.69,keys,none,1
20.065,-10.69,keys,none,1
20.098,-10.79,keys,none,1
20.132,-10.79,keys,none,1
20.165,-10.85,keys,none,1
20.198,-11.01,keys,none,1
20.232,-11.01,keys,none,1
20.265,-11.01,keys,none,1
20.298,-10.95,keys,none,1
20.332,-10.95,keys,none,1
20.365,-10.79,keys,none,1
20.398,-10.76,keys,none,1
20.432,-10.72,keys,none,1
20.465,-10.56,keys,none,1
20.498,-10.56,keys,none,1
20.532,-10.56,keys,none,1
20.565,-10.56,keys,none,1
20.598,-10.56,keys,none,1
20.632,-10.56,keys,none,1
20.665,-10.6,keys,none,1
20.698,-10.66,keys,none,1
20.732,-10.76,keys,none,1
20.765,-10.82,keys,none,1
20.798,-10.85,keys,none,1
20.832,-10.85,keys,none,1
20.865,-10.85,keys,none,1
20.898,-10.85,keys,none,1
20.932,-10.85,keys,none,1
20.965,-10.85,keys,none,1
20.998,-10.79,keys,none,1
21.032,-10.72,keys,none,1
21.065,-10.72,keys,none,1
21.098,-10.66,keys,none,1
21.132,-10.69,keys,none,1
21.165,-10.69,keys,none,1
21.198,-10.69,keys,none,1
21.232,-10.69,keys,none,1
21.265,-10.72,keys,none,1
21.298,-10.72,keys,none,1
21.332,-10.72,keys,none,1
0.0,19.9885,150,none,1
0.0333,19.653,150,none,1
0.0667,18.7659,150,none,1
0.1,17.451,150,none,1
0.1333,15.6228,150,none,1
0.1667,13.5024,150,none,1
0.2,11.5391,150,none,1
0.2333,9.4382,150,none,1
0.2667,7.596,150,none,1
0.3,6.1164,150,none,1
0.3333,5.0667,150,none,1
0.3667,4.6024,150,none,1
0.4,4.5778,150,none,1
0.4333,5.0981,150,none,1
0.4667,6.0952,150,none,1
0.5,7.5563,150,none,1
0.5333,9.4455,150,none,1
0.5667,11.49,150,none,1
0.6,13.3734,150,none,1
0.6333,15.2262,150,none,1
0.6667,16.8862,150,none,1
0.7,17.9651,150,none,1
0.7333,18.8358,150,none,1
0.7667,19.1686,150,none,1
0.8,18.9423,150,none,1
0.8333,18.0949,150,none,1
0.8667,16.9451,150,none,1
0.9,15.3872,150,none,1
0.9333,13.6507,150,none,1
0.9667,11.6212,150,none,1
1.0,9.9177,150,none,1
1.0333,8.0874,150,none,1
1.0667,6.6299,150,none,1
1.1,5.8139,150,none,1
1.1333,5.2719,150,none,1
1.1667,5.3912,150,none,1
1.2,5.8402,150,none,1
1.2333,6.6065,150,none,1
1.2667,8.068,150,none,1
1.3,9.4966,150,none,1
1.3333,11.3085,150,none,1
1.3667,13.0633,150,none,1
1.4,14.7702,150,none,1
1.4333,16.2816,150,none,1
1.4667,17.3986,150,none,1
1.5,18.1035,150,none,1
1.5333,18.4027,150,none,1
1.5667,18.1957,150,none,1
1.6,17.4645,150,none,1
1.6333,16.4164,150,none,1
1.6667,15.0776,150,none,1
1.7,13.5817,150,none,1
1.7333,11.8508,150,none,1
1.7667,10.4129,150,none,1
1.8,8.6621,150,none,1
1.8333,7.3963,150,none,1
1.8667,6.6458,150,none,1
1.9,6.2042,150,none,1
1.9333,6.0753,150,none,1
1.9667,6.4842,150,none,1
2.0,7.3194,150,none,1
2.0333,8.3296,150,none,1
2.0667,9.6124,150,none,1
2.1,11.2257,150,none,1
2.1333,12.9249,150,none,1
2.1667,14.2355,150,none,1
2.2,15.6688,150,none,1
2.2333,16.7195,150,none,1
2.2667,17.3522,150,none,1
2.3,17.7125,150,none,1
2.3333,17.5608,150,none,1
2.3667,17.1568,150,none,1
2.4,16.1183,150,none,1
2.4333,14.8281,150,none,1
2.4667,13.4411,150,none,1
2.5,11.9335,150,none,1
2.5333,10.605,150,none,1
2.5667,9.1347,150,none,1
2.6,8.046,150,none,1
2.6333,7.2838,150,none,1
2.6667,6.6967,150,none,1
2.7,6.6512,150,none,1
2.7333,6.8388,150,none,1
2.7667,7.5755,150,none,1
2.8,8.604,150,none,1
2.8333,9.906,150,none,1
2.8667,11.3353,150,none,1
2.9,12.6475,150,none,1
2.9333,14.0175,150,none,1
2.9667,15.1978,150,none,1
3.0,16.2136,150,none,1
3.0333,16.8287,150,none,1
3.0667,17.0545,150,none,1
3.1,16.8552,150,none,1
3.1333,16.5508,150,none,1
3.1667,15.7277,150,none,1
3.2,14.7506,150,none,1
3.2333,13.4213,150,none,1
3.2667,12.2589,150,none,1
3.3,10.7585,150,none,1
3.3333,9.7013,150,none,1
3.3667,8.5597,150,none,1
3.4,7.749,150,none,1
3.4333,7.256,150,none,1
3.4667,7.2359,150,none,1
3.5,7.613,150,none,1
3.5333,8.1432,150,none,1
3.5667,8.9936,150,none,1
3.6,9.825,150,none,1
3.6333,11.2833,150,none,1
3.6667,12.5269,150,none,1
3.7,13.6466,150,none,1
3.7333,14.7126,150,none,1
3.7667,15.6215,150,none,1
3.8,16.3445,150,none,1
3.8333,16.3926,150,none,1
3.8667,16.3822,150,none,1
3.9,16.1416,150,none,1
3.9333,15.3213,150,none,1
3.9667,14.4127,150,none,1
4.0,13.3646,150,none,1
4.0333,12.0836,150,none,1
4.0667,11.025,150,none,1
4.1,9.8196,150,none,1
4.1333,9.0598,150,none,1
4.1667,8.2919,150,none,1
4.2,8.0558,150,none,1
4.2333,7.7839,150,none,1
4.2667,8.071,150,none,1
4.3,8.3518,150,none,1
4.3333,9.1957,150,none,1
4.3667,10.1782,150,none,1
4.4,11.3649,150,none,1
4.4333,12.2098,150,none,1
4.4667,13.5062,150,none,1
4.5,14.4415,150,none,1
4.5333,15.2989,150,none,1
4.5667,15.7746,150,none,1
4.6,15.9851,150,none,1
4.6333,15.908,150,none,1
4.6667,15.5294,150,none,1
4.7,15.0614,150,none,1
4.7333,14.2294,150,none,1
4.7667,13.4487,150,none,1
4.8,12.1956,150,none,1
4.8333,11.2201,150,none,1
4.8667,10.0883,150,none,1
4.9,9.3424,150,none,1
4.9333,8.756,150,none,1
4.9667,8.4079,150,none,1
5.0,8.3369,150,none,1
5.0333,8.3749,150,none,1
5.0667,8.7104,150,none,1
5.1,9.4883,150,none,1
5.1333,10.3253,150,none,1
5.1667,11.273,150,none,1
5.2,12.1742,150,none,1
5.2333,13.2907,150,none,1
5.2667,14.0792,150,none,1
5.3,14.8396,150,none,1
5.3333,15.3858,150,none,1
5.3667,15.5871,150,none,1
5.4,15.5537,150,none,1
5.4333,15.4366,150,none,1
5.4667,14.7808,150,none,1
5.5,14.037,150,none,1
5.5333,13.2249,150,none,1
5.5667,12.4091,150,none,1
5.6,11.3623,150,none,1
5.6333,10.5136,150,none,1
5.6667,9.8077,150,none,1
5.7,9.0863,150,none,1
5.7333,8.6211,150,none,1
5.7667,8.6563,150,none,1
5.8,8.7721,150,none,1
5.8333,9.0633,150,none,1
5.8667,9.748,150,none,1
5.9,10.458,150,none,1
5.9333,11.1702,150,none,1
5.9667,12.1783,150,none,1
6.0,12.9894,150,none,1
6.0333,13.6723,150,none,1
6.0667,14.4739,150,none,1
6.1,14.8956,150,none,1
6.1333,15.0839,150,none,1
6.1667,15.1967,150,none,1
6.2,14.9738,150,none,1
6.2333,14.4554,150,none,1
6.2667,13.9214,150,none,1
6.3,13.2259,150,none,1
6.3333,12.2664,150,none,1
6.3667,11.5171,150,none,1
6.4,10.696,150,none,1
6.4333,10.1897,150,none,1
6.4667,9.325,150,none,1
6.5,9.1858,150,none,1
6.5333,8.9756,150,none,1
6.5667,9.0834,150,none,1
6.6,9.5472,150,none,1
6.6333,9.8861,150,none,1
6.6667,10.7078,150,none,1
6.7,11.2364,150,none,1
6.7333,12.0891,150,none,1
6.7667,12.7987,150,none,1
6.8,13.4905,150,none,1
6.8333,14.1381,150,none,1
6.8667,14.5356,150,none,1
6.9,14.8077,150,none,1
6.9333,14.6493,150,none,1
6.9667,14.7973,150,none,1
7.0,14.2515,150,none,1
7.0333,13.8697,150,none,1
7.0667,12.9935,150,none,1
7.1,12.369,150,none,1
7.1333,11.8523,150,none,1
7.1667,10.8199,150,none,1
7.2,10.1486,150,none,1
7.2333,9.7365,150,none,1
7.2667,9.4977,150,none,1
7.3,9.3844,150,none,1
7.3333,9.4985,150,none,1
7.3667,9.6313,150,none,1
7.4,9.9499,150,none,1
7.4333,10.6062,150,none,1
7.4667,11.3973,150,none,1
7.5,12.0373,150,none,1
7.5333,12.5384,150,none,1
7.5667,13.3292,150,none,1
7.6,13.977,150,none,1
7.6333,14.4262,150,none,1
7.6667,14.5227,150,none,1
7.7,14.5402,150,none,1
7.7333,14.2692,150,none,1
7.7667,13.9816,150,none,1
7.8,13.5864,150,none,1
7.8333,13.0451,150,none,1
7.8667,12.4055,150,none,1
7.9,11.6552,150,none,1
7.9333,10.9647,150,none,1
7.9667,10.4336,150,none,1
8.0,9.9581,150,none,1
8.0333,9.8043,150,none,1
8.0667,9.4378,150,none,1
8.1,9.6417,150,none,1
8.1333,9.9205,150,none,1
8.1667,10.3753,150,none,1
8.2,10.7528,150,none,1
8.2333,11.4076,150,none,1
8.2667,11.9196,150,none,1
8.3,12.5133,150,none,1
8.3333,13.0921,150,none,1
8.3667,13.7516,150,none,1
8.4,14.0681,150,none,1
8.4333,14.2372,150,none,1
8.4667,14.5111,150,none,1
8.5,14.1234,150,none,1
8.5333,13.9023,150,none,1
8.5667,13.4708,150,none,1
8.6,12.9199,150,none,1
8.6333,12.5507,150,none,1
8.6667,11.8926,150,none,1
8.7,11.0894,150,none,1
8.7333,10.6629,150,none,1
8.7667,10.3235,150,none,1
8.8,10.0756,150,none,1
8.8333,9.7773,150,none,1
8.8667,9.7334,150,none,1
8.9,9.9426,150,none,1
8.9333,10.4086,150,none,1
8.9667,10.8383,150,none,1
9.0,11.3867,150,none,1
9.0333,11.852,150,none,1
9.0667,12.3709,150,none,1
9.1,12.8224,150,none,1
9.1333,13.4486,150,none,1
9.1667,13.7813,150,none,1
9.2,14.0288,150,none,1
9.2333,14.0654,150,none,1
9.2667,13.8923,150,none,1
9.3,13.782,150,none,1
9.3333,13.3091,150,none,1
9.3667,12.8199,150,none,1
9.4,12.3243,150,none,1
9.4333,11.7906,150,none,1
9.4667,11.1527,150,none,1
9.5,10.8816,150,none,1
9.5333,10.5196,150,none,1
9.5667,10.2149,150,none,1
9.6,10.0624,150,none,1
9.6333,10.164,150,none,1
9.6667,10.423,150,none,1
9.7,10.5644,150,none,1
9.7333,10.8991,150,none,1
9.7667,11.3447,150,none,1
9.8,11.8789,150,none,1
9.8333,12.2793,150,none,1
9.8667,12.8337,150,none,1
9.9,13.2453,150,none,1
9.9333,13.6898,150,none,1
9.9667,13.8034,150,none,1
10.0,13.8678,150,none,1
10.0333,13.6537,150,none,1
10.0667,13.5653,150,none,1
10.1,13.1126,150,none,1
10.1333,12.8356,150,none,1
10.1667,12.3955,150,none,1
10.2,11.8299,150,none,1
10.2333,11.5931,150,none,1
10.2667,11.0666,150,none,1
10.3,10.5329,150,none,1
10.3333,10.493,150,none,1
10.3667,10.296,150,none,1
10.4,10.3323,150,none,1
10.4333,10.4953,150,none,1
10.4667,10.7269,150,none,1
10.5,10.8635,150,none,1
10.5333,11.333,150,none,1
10.5667,11.9246,150,none,1
10.6,12.4098,150,none,1
10.6333,12.874,150,none,1
10.6667,13.225,150,none,1
10.7,13.1925,150,none,1
10.7333,13.5924,150,none,1
10.7667,13.4375,150,none,1
10.8,13.6625,150,none,1
10.8333,13.3845,150,none,1
10.8667,13.0054,150,none,1
10.9,12.9121,150,none,1
10.9333,12.4059,150,none,1
10.9667,11.784,150,none,1
11.0,11.5487,150,none,1
11.0333,11.0955,150,none,1
11.0667,10.8574,150,none,1
11.1,10.5933,150,none,1
11.1333,10.625,150,none,1
11.1667,10.3959,150,none,1
11.2,10.6391,150,none,1
11.2333,10.9634,150,none,1
11.2667,11.0414,150,none,1
11.3,11.4762,150,none,1
11.3333,11.8634,150,none,1
11.3667,12.1873,150,none,1
11.4,12.6679,150,none,1
11.4333,12.9485,150,none,1
11.4667,13.1177,150,none,1
11.5,13.4966,150,none,1
11.5333,13.4804,150,none,1
11.5667,13.3605,150,none,1
11.6,13.1795,150,none,1
11.6333,12.9355,150,none,1
11.6667,12.7936,150,none,1
11.7,12.3323,150,none,1
11.7333,12.0079,150,none,1
11.7667,11.5894,150,none,1
11.8,11.3192,150,none,1
11.8333,10.9831,150,none,1
11.8667,10.8527,150,none,1
11.9,10.6667,150,none,1
11.9333,10.7354,150,none,1
11.9667,10.8081,150,none,1
0.0,19.9907,150,small,1
0.0333,19.5218,150,small,1
0.0667,18.5655,150,small,1
0.1,17.1761,150,small,1
0.1333,15.4118,150,small,1
0.1667,13.6124,150,small,1
0.2,11.5372,150,small,1
0.2333,9.7569,150,small,1
0.2667,8.1329,150,small,1
0.3,6.6163,150,small,1
0.3333,5.5858,150,small,1
0.3667,5.2591,150,small,1
0.4,5.3645,150,small,1
0.4333,5.8126,150,small,1
0.4667,6.898,150,small,1
0.5,8.2681,150,small,1
0.5333,9.7697,150,small,1
0.5667,11.4198,150,small,1
0.6,13.0836,150,small,1
0.6333,14.8179,150,small,1
0.6667,15.9529,150,small,1
0.7,16.8631,150,small,1
0.7333,17.4761,150,small,1
0.7667,17.7409,150,small,1
0.8,17.3513,150,small,1
0.8333,16.8002,150,small,1
0.8667,15.8479,150,small,1
0.9,14.6305,150,small,1
0.9333,13.3123,150,small,1
0.9667,11.7391,150,small,1
1.0,10.5143,150,small,1
1.0333,9.1557,150,small,1
1.0667,8.2209,150,small,1
1.1,7.6832,150,small,1
1.1333,7.3291,150,small,1
1.1667,7.2936,150,small,1
1.2,7.5701,150,small,1
1.2333,8.3868,150,small,1
1.2667,9.2142,150,small,1
1.3,10.2854,150,small,1
1.3333,11.4892,150,small,1
1.3667,12.741,150,small,1
1.4,13.6444,150,small,1
1.4333,14.7715,150,small,1
1.4667,15.4579,150,small,1
1.5,15.8271,150,small,1
1.5333,16.092,150,small,1
1.5667,15.8973,150,small,1
1.6,15.3639,150,small,1
1.6333,14.6871,150,small,1
1.6667,13.9451,150,small,1
1.7,12.8045,150,small,1
1.7333,11.8966,150,small,1
1.7667,10.9053,150,small,1
1.8,10.0987,150,small,1
1.8333,9.4115,150,small,1
1.8667,8.9094,150,small,1
1.9,8.7488,150,small,1
1.9333,8.6784,150,small,1
1.9667,8.8802,150,small,1
2.0,9.2718,150,small,1
2.0333,10.0675,150,small,1
2.0667,10.8191,150,small,1
2.1,11.7263,150,small,1
2.1333,12.3877,150,small,1
2.1667,13.2295,150,small,1
2.2,13.8901,150,small,1
2.2333,14.3976,150,small,1
2.2667,14.7251,150,small,1
2.3,14.699,150,small,1
2.3333,14.8043,150,small,1
2.3667,14.4962,150,small,1
2.4,14.0709,150,small,1
2.4333,13.5664,150,small,1
2.4667,12.6835,150,small,1
2.5,11.9971,150,small,1
2.5333,11.3127,150,small,1
2.5667,10.8497,150,small,1
2.6,10.0515,150,small,1
2.6333,9.8712,150,small,1
2.6667,9.5254,150,small,1
2.7,9.4245,150,small,1
2.7333,9.6301,150,small,1
2.7667,9.9979,150,small,1
2.8,10.6391,150,small,1
2.8333,11.0213,150,small,1
2.8667,11.6601,150,small,1
2.9,12.1788,150,small,1
2.9333,12.877,150,small,1
2.9667,13.2195,150,small,1
3.0,13.7833,150,small,1
3.0333,13.8355,150,small,1
3.0667,13.9444,150,small,1
3.1,13.9574,150,small,1
3.1333,13.7514,150,small,1
3.1667,13.5438,150,small,1
3.2,13.0253,150,small,1
3.2333,12.4431,150,small,1
3.2667,11.9937,150,small,1
3.3,11.5035,150,small,1
3.3333,11.1655,150,small,1
3.3667,10.7743,150,small,1
3.4,10.4724,150,small,1
3.4333,10.4082,150,small,1
3.4667,10.2781,150,small,1
3.5,10.4141,150,small,1
3.5333,10.6556,150,small,1
3.5667,11.0721,150,small,1
3.6,11.318,150,small,1
3.6333,11.7118,150,small,1
3.6667,12.0769,150,small,1
3.7,12.612,150,small,1
3.7333,12.8544,150,small,1
3.7667,13.1974,150,small,1
3.8,13.1932,150,small,1
3.8333,13.501,150,small,1
3.8667,13.2779,150,small,1
3.9,13.1894,150,small,1
3.9333,13.1162,150,small,1
3.9667,12.6361,150,small,1
4.0,12.4023,150,small,1
4.0333,12.0605,150,small,1
4.0667,11.6271,150,small,1
4.1,11.4984,150,small,1
4.1333,11.2486,150,small,1
4.1667,10.7798,150,small,1
4.2,10.7135,150,small,1
4.2333,10.8743,150,small,1
4.2667,10.773,150,small,1
4.3,10.9934,150,small,1
4.3333,11.2488,150,small,1
4.3667,11.5568,150,small,1
4.4,11.7752,150,small,1
4.4333,12.0987,150,small,1
4.4667,12.3115,150,small,1
4.5,12.7241,150,small,1
4.5333,12.7756,150,small,1
4.5667,12.9719,150,small,1
4.6,12.9606,150,small,1
4.6333,12.9923,150,small,1
4.6667,12.8815,150,small,1
4.7,12.7306,150,small,1
4.7333,12.4615,150,small,1
4.7667,12.3717,150,small,1
4.8,12.1711,150,small,1
4.8333,11.8305,150,small,1
4.8667,11.6438,150,small,1
4.9,11.4633,150,small,1
4.9333,11.331,150,small,1
4.9667,11.1999,150,small,1
5.0,11.1738,150,small,1
5.0333,11.2691,150,small,1
5.0667,11.3056,150,small,1
5.1,11.3703,150,small,1
5.1333,11.634,150,small,1
5.1667,11.6863,150,small,1
5.2,12.0479,150,small,1
5.2333,12.2827,150,small,1
5.2667,12.5257,150,small,1
5.3,12.5797,150,small,1
5.3333,12.7373,150,small,1
5.3667,12.7072,150,small,1
5.4,12.6169,150,small,1
5.4333,12.5267,150,small,1
5.4667,12.4581,150,small,1
5.5,12.2865,150,small,1
5.5333,12.2819,150,small,1
5.5667,12.0381,150,small,1
5.6,11.925,150,small,1
5.6333,11.7239,150,small,1
5.6667,11.6655,150,small,1
5.7,11.5653,150,small,1
5.7333,11.3681,150,small,1
5.7667,11.381,150,small,1
5.8,11.3876,150,small,1
5.8333,11.3684,150,small,1
5.8667,11.6546,150,small,1
5.9,11.8242,150,small,1
5.9333,11.873,150,small,1
5.9667,11.9834,150,small,1
6.0,12.2534,150,small,1
6.0333,12.1055,150,small,1
6.0667,12.4092,150,small,1
6.1,12.4765,150,small,1
6.1333,12.4536,150,small,1
6.1667,12.6074,150,small,1
6.2,12.5345,150,small,1
6.2333,12.3647,150,small,1
6.2667,12.2814,150,small,1
6.3,12.1419,150,small,1
6.3333,12.0074,150,small,1
6.3667,11.8193,150,small,1
6.4,11.9192,150,small,1
6.4333,11.7932,150,small,1
6.4667,11.7009,150,small,1
6.5,11.5041,150,small,1
6.5333,11.7439,150,small,1
6.5667,11.7528,150,small,1
6.6,11.6554,150,small,1
6.6333,11.6388,150,small,1
6.6667,11.7315,150,small,1
6.7,11.9359,150,small,1
6.7333,11.9351,150,small,1
6.7667,12.1073,150,small,1
6.8,12.2881,150,small,1
6.8333,12.1541,150,small,1
6.8667,12.4865,150,small,1
6.9,12.4776,150,small,1
6.9333,12.2531,150,small,1
6.9667,12.2131,150,small,1
7.0,12.2547,150,small,1
7.0333,12.1273,150,small,1
7.0667,12.1078,150,small,1
7.1,11.8346,150,small,1
7.1333,11.9345,150,small,1
7.1667,12.0149,150,small,1
7.2,11.711,150,small,1
7.2333,11.7247,150,small,1
7.2667,11.5937,150,small,1
7.3,11.7521,150,small,1
7.3333,11.6934,150,small,1
7.3667,11.8977,150,small,1
7.4,11.8078,150,small,1
7.4333,11.8241,150,small,1
7.4667,11.9693,150,small,1
7.5,11.9595,150,small,1
7.5333,11.9654,150,small,1
7.5667,12.1618,150,small,1
7.6,12.1768,150,small,1
7.6333,12.2418,150,small,1
7.6667,12.2785,150,small,1
7.7,12.2089,150,small,1
7.7333,12.2665,150,small,1
7.7667,12.3384,150,small,1
7.8,12.0638,150,small,1
7.8333,12.2348,150,small,1
7.8667,12.0145,150,small,1
7.9,11.91,150,small,1
7.9333,12.1069,150,small,1
7.9667,11.8746,150,small,1
8.0,11.9328,150,small,1
8.0333,11.8636,150,small,1
8.0667,11.6542,150,small,1
8.1,11.8044,150,small,1
8.1333,11.7736,150,small,1
8.1667,11.742,150,small,1
8.2,11.7512,150,small,1
8.2333,11.9513,150,small,1
8.2667,12.0432,150,small,1
8.3,12.0787,150,small,1
8.3333,12.0696,150,small,1
8.3667,12.0685,150,small,1
8.4,12.081,150,small,1
8.4333,12.1307,150,small,1
8.4667,12.0944,150,small,1
8.5,12.1497,150,small,1
8.5333,12.1414,150,small,1
8.5667,12.039,150,small,1
8.6,12.0525,150,small,1
8.6333,11.9666,150,small,1
8.6667,11.9827,150,small,1
8.7,11.9818,150,small,1
8.7333,11.9192,150,small,1
8.7667,11.9145,150,small,1
8.8,11.726,150,small,1
8.8333,11.8203,150,small,1
8.8667,11.8762,150,small,1
8.9,11.9194,150,small,1
8.9333,11.7634,150,small,1
8.9667,11.9344,150,small,1
9.0,12.0534,150,small,1
9.0333,11.98,150,small,1
9.0667,12.0233,150,small,1
9.1,12.1002,150,small,1
9.1333,12.1116,150,small,1
9.1667,12.166,150,small,1
9.2,12.1292,150,small,1
9.2333,12.1377,150,small,1
9.2667,12.0557,150,small,1
9.3,12.0892,150,small,1
9.3333,12.1805,150,small,1
9.3667,12.0362,150,small,1
9.4,12.0083,150,small,1
9.4333,11.9511,150,small,1
9.4667,12.0236,150,small,1
9.5,11.8662,150,small,1
9.5333,11.9869,150,small,1
9.5667,11.8255,150,small,1
9.6,11.8098,150,small,1
9.6333,11.9128,150,small,1
9.6667,11.9161,150,small,1
9.7,11.9454,150,small,1
9.7333,12.0278,150,small,1
9.7667,11.9345,150,small,1
9.8,12.0293,150,small,1
9.8333,11.9471,150,small,1
9.8667,12.1445,150,small,1
9.9,12.1142,150,small,1
9.9333,12.1213,150,small,1
9.9667,12.1019,150,small,1
10.0,12.026,150,small,1
10.0333,12.0581,150,small,1
10.0667,12.1139,150,small,1
10.1,12.0566,150,small,1
10.1333,12.0487,150,small,1
10.1667,11.9084,150,small,1
10.2,12.0094,150,small,1
10.2333,11.9183,150,small,1
10.2667,11.8683,150,small,1
10.3,11.9278,150,small,1
10.3333,11.7816,150,small,1
10.3667,11.9813,150,small,1
10.4,11.9945,150,small,1
10.4333,11.9283,150,small,1
10.4667,11.864,150,small,1
10.5,11.8827,150,small,1
10.5333,11.9635,150,small,1
10.5667,11.8003,150,small,1
10.6,12.0272,150,small,1
10.6333,12.0829,150,small,1
10.6667,12.0191,150,small,1
10.7,12.0152,150,small,1
10.7333,12.0757,150,small,1
10.7667,12.091,150,small,1
10.8,12.1476,150,small,1
10.8333,12.0544,150,small,1
10.8667,11.9869,150,small,1
10.9,11.9917,150,small,1
10.9333,12.0279,150,small,1
10.9667,12.1221,150,small,1
11.0,11.9569,150,small,1
11.0333,11.8849,150,small,1
11.0667,11.8888,150,small,1
11.1,11.7833,150,small,1
11.1333,11.9738,150,small,1
11.1667,11.8388,150,small,1
11.2,11.8532,150,small,1
11.2333,11.8013,150,small,1
11.2667,11.8802,150,small,1
11.3,12.0272,150,small,1
11.3333,11.89,150,small,1
11.3667,11.868,150,small,1
11.4,12.0344,150,small,1
11.4333,12.0032,150,small,1
11.4667,12.0728,150,small,1
11.5,12.1023,150,small,1
11.5333,12.0439,150,small,1
11.5667,11.9389,150,small,1
11.6,12.028,150,small,1
11.6333,12.0705,150,small,1
11.6667,11.9744,150,small,1
11.7,11.8953,150,small,1
11.7333,12.0874,150,small,1
11.7667,11.9552,150,small,1
11.8,11.9461,150,small,1
11.8333,11.9723,150,small,1
11.8667,12.0481,150,small,1
11.9,11.984,150,small,1
11.9333,11.9362,150,small,1
11.9667,12.0202,150,small,1
0.0,20.1718,150,large,1
0.0333,19.5389,150,large,1
0.0667,18.4129,150,large,1
0.1,16.8161,150,large,1
0.1333,15.5009,150,large,1
0.1667,13.2888,150,large,1
0.2,11.5671,150,large,1
0.2333,9.9087,150,large,1
0.2667,8.7252,150,large,1
0.3,7.6021,150,large,1
0.3333,6.8208,150,large,1
0.3667,6.734,150,large,1
0.4,6.9321,150,large,1
0.4333,7.3958,150,large,1
0.4667,8.1501,150,large,1
0.5,9.229,150,large,1
0.5333,10.4141,150,large,1
0.5667,11.6429,150,large,1
0.6,12.7332,150,large,1
0.6333,13.8311,150,large,1
0.6667,14.4951,150,large,1
0.7,14.989,150,large,1
0.7333,15.3592,150,large,1
0.7667,15.5493,150,large,1
0.8,15.1682,150,large,1
0.8333,14.9575,150,large,1
0.8667,14.1968,150,large,1
0.9,13.3389,150,large,1
0.9333,12.5876,150,large,1
0.9667,11.9038,150,large,1
1.0,11.0829,150,large,1
1.0333,10.7694,150,large,1
1.0667,10.0474,150,large,1
1.1,9.8959,150,large,1
1.1333,9.8493,150,large,1
1.1667,9.7865,150,large,1
1.2,9.9333,150,large,1
1.2333,10.3372,150,large,1
1.2667,10.8283,150,large,1
1.3,11.3653,150,large,1
1.3333,11.8116,150,large,1
1.3667,12.1847,150,large,1
1.4,12.7336,150,large,1
1.4333,13.0264,150,large,1
1.4667,13.1528,150,large,1
1.5,13.4054,150,large,1
1.5333,13.3652,150,large,1
1.5667,13.437,150,large,1
1.6,13.3616,150,large,1
1.6333,13.0967,150,large,1
1.6667,12.5937,150,large,1
1.7,12.2692,150,large,1
1.7333,12.0302,150,large,1
1.7667,11.7537,150,large,1
1.8,11.3747,150,large,1
1.8333,11.1973,150,large,1
1.8667,11.2571,150,large,1
1.9,11.0194,150,large,1
1.9333,11.0106,150,large,1
1.9667,11.1477,150,large,1
2.0,11.3292,150,large,1
2.0333,11.3875,150,large,1
2.0667,11.6609,150,large,1
2.1,11.8072,150,large,1
2.1333,12.0896,150,large,1
2.1667,12.4503,150,large,1
2.2,12.5128,150,large,1
2.2333,12.5557,150,large,1
2.2667,12.5497,150,large,1
2.3,12.6111,150,large,1
2.3333,12.685,150,large,1
2.3667,12.4799,150,large,1
2.4,12.5322,150,large,1
2.4333,12.1752,150,large,1
2.4667,12.1195,150,large,1
2.5,12.1394,150,large,1
2.5333,11.7068,150,large,1
2.5667,11.8489,150,large,1
2.6,11.5179,150,large,1
2.6333,11.6014,150,large,1
2.6667,11.5697,150,large,1
2.7,11.6563,150,large,1
2.7333,11.374,150,large,1
2.7667,11.5334,150,large,1
2.8,11.7204,150,large,1
2.8333,11.8588,150,large,1
2.8667,11.8786,150,large,1
2.9,12.0236,150,large,1
2.9333,12.0281,150,large,1
2.9667,12.158,150,large,1
3.0,12.171,150,large,1
3.0333,12.2861,150,large,1
3.0667,12.3198,150,large,1
3.1,12.3743,150,large,1
3.1333,12.1757,150,large,1
3.1667,12.1571,150,large,1
3.2,12.1307,150,large,1
3.2333,12.0424,150,large,1
3.2667,12.0004,150,large,1
3.3,11.8223,150,large,1
3.3333,11.9275,150,large,1
3.3667,11.7859,150,large,1
3.4,11.7569,150,large,1
3.4333,11.6946,150,large,1
3.4667,11.9164,150,large,1
3.5,11.8268,150,large,1
3.5333,11.9553,150,large,1
3.5667,11.9184,150,large,1
3.6,11.7988,150,large,1
3.6333,11.8888,150,large,1
3.6667,12.0754,150,large,1
3.7,11.989,150,large,1
3.7333,11.9924,150,large,1
3.7667,12.0868,150,large,1
3.8,12.0996,150,large,1
3.8333,12.0364,150,large,1
3.8667,12.086,150,large,1
3.9,12.0609,150,large,1
3.9333,11.8728,150,large,1
3.9667,12.0966,150,large,1
4.0,11.9654,150,large,1
4.0333,12.1083,150,large,1
4.0667,11.8871,150,large,1
4.1,11.8312,150,large,1
4.1333,12.0357,150,large,1
4.1667,11.8024,150,large,1
4.2,11.8728,150,large,1
4.2333,11.9718,150,large,1
4.2667,11.9035,150,large,1
4.3,11.8079,150,large,1
4.3333,11.9695,150,large,1
4.3667,11.9553,150,large,1
4.4,12.0909,150,large,1
4.4333,12.0522,150,large,1
4.4667,12.2633,150,large,1
4.5,11.9016,150,large,1
4.5333,12.0411,150,large,1
4.5667,11.9632,150,large,1
4.6,12.1427,150,large,1
4.6333,12.1142,150,large,1
4.6667,12.1034,150,large,1
4.7,11.9729,150,large,1
4.7333,11.9654,150,large,1
4.7667,11.8515,150,large,1
4.8,12.1393,150,large,1
4.8333,12.0325,150,large,1
4.8667,11.9616,150,large,1
4.9,12.0497,150,large,1
4.9333,12.03,150,large,1
4.9667,12.0454,150,large,1
5.0,11.8374,150,large,1
5.0333,11.9125,150,large,1
5.0667,11.9896,150,large,1
5.1,12.0084,150,large,1
5.1333,12.0635,150,large,1
5.1667,11.9137,150,large,1
5.2,12.0118,150,large,1
5.2333,12.1847,150,large,1
5.2667,12.0693,150,large,1
5.3,12.0878,150,large,1
5.3333,12.0192,150,large,1
5.3667,12.083,150,large,1
5.4,12.1652,150,large,1
5.4333,12.0272,150,large,1
5.4667,12.1133,150,large,1
5.5,11.9411,150,large,1
5.5333,12.0535,150,large,1
5.5667,12.0738,150,large,1
5.6,11.9367,150,large,1
5.6333,12.0806,150,large,1
5.6667,11.9355,150,large,1
5.7,11.9228,150,large,1
5.7333,11.9859,150,large,1
5.7667,12.1405,150,large,1
5.8,12.0116,150,large,1
5.8333,12.0635,150,large,1
5.8667,11.9326,150,large,1
5.9,12.0003,150,large,1
5.9333,11.9032,150,large,1
5.9667,11.9548,150,large,1
6.0,12.0702,150,large,1
6.0333,12.0027,150,large,1
6.0667,12.1238,150,large,1
6.1,11.9926,150,large,1
6.1333,11.9934,150,large,1
6.1667,12.1111,150,large,1
6.2,11.9562,150,large,1
6.2333,11.8851,150,large,1
6.2667,12.109,150,large,1
6.3,12.036,150,large,1
6.3333,11.8276,150,large,1
6.3667,12.0023,150,large,1
6.4,11.9647,150,large,1
6.4333,12.1352,150,large,1
6.4667,11.9363,150,large,1
6.5,11.9476,150,large,1
6.5333,11.9211,150,large,1
6.5667,11.91,150,large,1
6.6,11.939,150,large,1
6.6333,11.8813,150,large,1
6.6667,11.9149,150,large,1
6.7,11.8702,150,large,1
6.7333,11.8803,150,large,1
6.7667,11.8766,150,large,1
6.8,11.9607,150,large,1
6.8333,11.9485,150,large,1
6.8667,11.9056,150,large,1
6.9,12.0422,150,large,1
6.9333,12.0,150,large,1
6.9667,11.969,150,large,1
7.0,11.9658,150,large,1
7.0333,12.1296,150,large,1
7.0667,12.0205,150,large,1
7.1,12.0384,150,large,1
7.1333,11.7927,150,large,1
7.1667,11.9465,150,large,1
7.2,11.8245,150,large,1
7.2333,11.9636,150,large,1
7.2667,12.0273,150,large,1
7.3,11.9435,150,large,1
7.3333,12.039,150,large,1
7.3667,11.916,150,large,1
7.4,12.0444,150,large,1
7.4333,11.8745,150,large,1
7.4667,11.9785,150,large,1
7.5,12.0336,150,large,1
7.5333,12.0434,150,large,1
7.5667,11.9908,150,large,1
7.6,12.1565,150,large,1
7.6333,11.9684,150,large,1
7.6667,11.9656,150,large,1
7.7,11.7809,150,large,1
7.7333,12.143,150,large,1
7.7667,11.9718,150,large,1
7.8,11.9069,150,large,1
7.8333,12.1063,150,large,1
7.8667,12.099,150,large,1
7.9,12.0085,150,large,1
7.9333,11.8847,150,large,1
7.9667,12.0327,150,large,1
8.0,11.9493,150,large,1
8.0333,11.9052,150,large,1
8.0667,12.0824,150,large,1
8.1,11.8283,150,large,1
8.1333,12.0444,150,large,1
8.1667,12.036,150,large,1
8.2,12.1636,150,large,1
8.2333,12.0257,150,large,1
8.2667,11.8353,150,large,1
8.3,11.9333,150,large,1
8.3333,12.0056,150,large,1
8.3667,12.029,150,large,1
8.4,12.0791,150,large,1
8.4333,11.844,150,large,1
8.4667,11.9743,150,large,1
8.5,12.0783,150,large,1
8.5333,12.1241,150,large,1
8.5667,12.1493,150,large,1
8.6,11.969,150,large,1
8.6333,12.0879,150,large,1
8.6667,12.1369,150,large,1
8.7,12.0956,150,large,1
8.7333,12.0576,150,large,1
8.7667,12.0658,150,large,1
8.8,11.9363,150,large,1
8.8333,11.8837,150,large,1
8.8667,12.0782,150,large,1
8.9,11.9718,150,large,1
8.9333,11.9974,150,large,1
8.9667,11.9535,150,large,1
9.0,11.9684,150,large,1
9.0333,12.0186,150,large,1
9.0667,11.9183,150,large,1
9.1,12.0057,150,large,1
9.1333,12.0199,150,large,1
9.1667,11.9941,150,large,1
9.2,11.9408,150,large,1
9.2333,12.0632,150,large,1
9.2667,12.1501,150,large,1
9.3,11.9521,150,large,1
9.3333,12.0989,150,large,1
9.3667,12.0713,150,large,1
9.4,11.7878,150,large,1
9.4333,11.9391,150,large,1
9.4667,11.949,150,large,1
9.5,12.0624,150,large,1
9.5333,12.0149,150,large,1
9.5667,12.0378,150,large,1
9.6,12.0507,150,large,1
9.6333,11.9279,150,large,1
9.6667,11.9401,150,large,1
9.7,11.902,150,large,1
9.7333,11.9863,150,large,1
9.7667,11.9904,150,large,1
9.8,12.0137,150,large,1
9.8333,11.9418,150,large,1
9.8667,12.0726,150,large,1
9.9,12.0735,150,large,1
9.9333,12.1238,150,large,1
9.9667,12.057,150,large,1
10.0,12.015,150,large,1
10.0333,12.0539,150,large,1
10.0667,12.0489,150,large,1
10.1,11.9479,150,large,1
10.1333,12.1032,150,large,1
10.1667,12.1375,150,large,1
10.2,12.1581,150,large,1
10.2333,12.0028,150,large,1
10.2667,12.0259,150,large,1
10.3,12.0332,150,large,1
10.3333,11.9997,150,large,1
10.3667,12.0495,150,large,1
10.4,11.9902,150,large,1
10.4333,11.9844,150,large,1
10.4667,12.1407,150,large,1
10.5,12.0131,150,large,1
10.5333,12.0053,150,large,1
10.5667,12.0706,150,large,1
10.6,12.012,150,large,1
10.6333,12.0234,150,large,1
10.6667,11.995,150,large,1
10.7,11.9024,150,large,1
10.7333,11.9976,150,large,1
10.7667,11.9091,150,large,1
10.8,12.0169,150,large,1
10.8333,11.9055,150,large,1
10.8667,12.0734,150,large,1
10.9,12.06,150,large,1
10.9333,12.0224,150,large,1
10.9667,11.992,150,large,1
11.0,12.0333,150,large,1
11.0333,11.8428,150,large,1
11.0667,11.9122,150,large,1
11.1,11.9881,150,large,1
11.1333,12.0276,150,large,1
11.1667,11.9936,150,large,1
11.2,11.9196,150,large,1
11.2333,12.0106,150,large,1
11.2667,11.9637,150,large,1
11.3,11.9145,150,large,1
11.3333,12.0264,150,large,1
11.3667,11.9832,150,large,1
11.4,12.0957,150,large,1
11.4333,12.0533,150,large,1
11.4667,12.0588,150,large,1
11.5,12.0258,150,large,1
11.5333,11.9324,150,large,1
11.5667,11.9252,150,large,1
11.6,11.8823,150,large,1
11.6333,12.2303,150,large,1
11.6667,11.9137,150,large,1
11.7,11.9832,150,large,1
11.7333,11.9712,150,large,1
11.7667,11.9775,150,large,1
11.8,11.9533,150,large,1
11.8333,11.8505,150,large,1
11.8667,11.9201,150,large,1
11.9,11.8887,150,large,1
11.9333,11.9898,150,large,1
11.9667,11.9452,150,large,1
