t,x,y
3.236,-6.703,-12.15
3.269,-6.739,-12.11
3.303,-6.918,-11.86
3.336,-6.846,-12.08
3.369,-6.846,-12.15
3.403,-6.918,-12.08
3.436,-6.882,-12.04
3.47,-6.882,-12.04
3.503,-6.918,-11.5
3.536,-6.989,-10.79
3.57,-7.097,-9.568
3.603,-7.133,-8.458
3.636,-7.133,-7.061
3.67,-7.061,-5.879
3.703,-7.061,-4.804
3.736,-6.989,-3.873
3.77,-6.989,-3.551
3.803,-6.989,-3.479
3.836,-6.989,-3.694
3.87,-7.025,-4.374
3.903,-6.989,-5.091
3.937,-6.989,-6.165
3.97,-6.882,-7.097
4.003,-6.81,-8.1
4.037,-6.81,-8.852
4.07,-6.703,-9.64
4.103,-6.667,-10.32
4.137,-6.667,-10.64
4.17,-6.595,-10.79
4.203,-6.595,-10.64
4.237,-6.595,-10.21
4.27,-6.559,-9.425
4.304,-6.488,-8.601
4.337,-6.524,-7.598
4.37,-6.524,-6.488
4.404,-6.595,-5.413
4.437,-6.667,-4.303
4.47,-6.703,-3.766
4.504,-6.703,-3.551
4.537,-6.631,-3.586
4.57,-6.631,-3.98
4.604,-6.559,-5.055
4.637,-6.774,-5.807
4.671,-6.846,-6.846
4.704,-6.846,-8.028
4.737,-6.81,-9.174
4.771,-6.703,-10.25
4.804,-6.846,-11.0
4.837,-6.81,-11.18
4.871,-6.81,-11.0
4.904,-6.846,-10.82
4.937,-6.846,-10.39
4.971,-6.918,-9.712
5.004,-6.918,-8.888
5.037,-6.846,-8.028
5.071,-6.81,-7.097
5.104,-6.774,-6.201
5.138,-6.703,-5.27
5.171,-6.703,-4.733
5.204,-6.703,-4.41
5.238,-6.739,-4.124
5.271,-6.739,-4.303
5.304,-6.739,-4.554
5.338,-6.739,-5.019
5.371,-6.703,-5.342
5.404,-6.595,-6.058
5.438,-6.488,-6.918
5.471,-6.559,-7.885
5.505,-6.524,-8.709
5.538,-6.595,-9.533
5.571,-6.524,-10.14
5.605,-6.595,-10.75
5.638,-6.703,-11.11
5.671,-6.631,-11.11
5.705,-6.559,-10.82
5.738,-6.703,-10.28
5.771,-6.846,-8.995
5.805,-6.918,-8.064
5.838,-6.918,-6.882
5.871,-6.953,-6.022
5.905,-7.061,-5.019
5.938,-7.025,-4.446
5.972,-7.061,-3.945
6.005,-7.061,-3.873
6.038,-7.061,-3.98
6.072,-7.025,-4.625
6.105,-7.133,-5.485
6.138,-7.168,-6.309
6.172,-7.097,-7.419
6.205,-7.097,-8.565
6.238,-7.025,-9.425
6.272,-6.882,-9.819
6.305,-6.918,-10.28
6.339,-6.918,-10.64
6.372,-6.918,-10.46
6.405,-6.882,-10.11
6.439,-6.882,-9.712
6.472,-6.631,-8.995
6.505,-6.559,-7.992
6.539,-6.559,-7.061
6.572,-6.488,-5.915
6.605,-6.488,-5.27
6.639,-6.559,-4.482
6.672,-6.595,-4.016
6.706,-6.595,-3.73
6.739,-6.559,-3.837
6.772,-6.524,-4.16
6.806,-6.631,-5.055
6.839,-6.667,-5.986
6.872,-6.631,-6.739
6.906,-6.488,-8.064
6.939,-6.416,-9.21
6.972,-6.488,-10.21
7.006,-6.524,-11.04
7.039,-6.667,-11.61
7.072,-6.918,-11.75
7.106,-6.953,-11.4
7.139,-7.061,-10.68
7.173,-7.061,-9.962
7.206,-7.061,-9.067
7.239,-7.061,-7.992
7.273,-7.097,-6.703
7.306,-7.168,-5.449
7.339,-7.204,-4.589
7.373,-7.133,-4.016
7.406,-7.133,-3.694
7.439,-7.097,-3.801
7.473,-7.097,-4.339
7.506,-7.097,-4.912
7.54,-7.097,-5.521
7.573,-7.097,-6.345
7.606,-7.133,-7.383
7.64,-7.133,-8.422
7.673,-7.133,-8.959
7.706,-6.989,-9.747
7.74,-6.81,-10.36
7.773,-6.81,-10.5
7.806,-6.81,-10.5
7.84,-6.81,-10.28
7.873,-6.667,-9.783
7.907,-6.488,-9.174
7.94,-6.559,-8.243
7.973,-6.309,-7.204
8.007,-6.345,-6.094
8.04,-6.559,-5.198
8.073,-6.452,-4.697
8.107,-6.416,-4.195
8.14,-6.524,-3.837
8.173,-6.488,-4.052
8.207,-6.416,-4.589
8.24,-6.416,-5.234
8.273,-6.452,-6.273
8.307,-6.595,-7.527
8.34,-6.667,-8.458
8.374,-6.774,-9.568
8.407,-6.882,-10.39
8.44,-6.882,-10.75
8.474,-6.918,-10.97
8.507,-6.918,-10.97
8.54,-6.989,-10.43
8.574,-6.989,-9.927
8.607,-7.097,-9.031
8.64,-7.097,-8.207
8.674,-7.097,-7.527
8.707,-7.025,-6.595
8.741,-6.989,-5.664
8.774,-7.025,-5.163
8.807,-7.025,-4.697
8.841,-7.025,-4.267
8.874,-7.025,-4.231
8.907,-6.882,-4.41
8.941,-6.846,-4.804
8.974,-6.846,-5.198
9.007,-6.81,-5.771
9.041,-6.774,-6.559
9.074,-6.703,-7.527
9.107,-6.524,-8.565
9.141,-6.524,-9.067
9.174,-6.524,-9.819
9.208,-6.416,-10.57
9.241,-6.488,-10.82
9.274,-6.631,-10.89
9.308,-6.631,-10.89
9.341,-6.631,-10.14
9.374,-6.631,-9.389
9.408,-6.631,-8.494
9.441,-6.739,-7.348
9.474,-6.703,-6.13
9.508,-6.846,-5.27
9.541,-7.025,-4.589
9.575,-6.989,-4.267
9.608,-6.989,-4.124
9.641,-6.989,-4.267
9.675,-6.953,-4.733
9.708,-6.953,-5.521
9.741,-6.989,-6.559
9.775,-7.24,-7.419
9.808,-7.24,-8.458
9.841,-7.24,-9.103
9.875,-7.24,-9.855
9.908,-7.24,-10.36
9.942,-7.097,-10.39
9.975,-6.918,-10.39
10.008,-6.918,-10.07
10.042,-6.918,-9.819
10.075,-6.81,-8.959
10.108,-6.774,-8.315
10.142,-6.774,-7.598
10.175,-6.631,-6.631
10.208,-6.345,-5.521
10.242,-6.345,-4.697
10.275,-6.345,-3.945
10.308,-6.416,-3.909
10.342,-6.38,-3.801
10.375,-6.416,-4.088
10.409,-6.416,-4.912
10.442,-6.452,-5.915
10.475,-6.452,-6.918
10.509,-6.416,-7.813
10.542,-6.309,-8.78
10.575,-6.201,-9.998
10.609,-6.309,-10.82
10.642,-6.416,-11.29
10.675,-6.595,-11.54
10.709,-6.846,-11.5
10.742,-6.846,-10.97
10.776,-6.918,-10.03
10.809,-7.025,-9.103
10.842,-7.097,-7.921
10.876,-7.133,-6.882
10.909,-7.348,-5.879
10.942,-7.312,-4.804
10.976,-7.312,-4.303
11.009,-7.312,-4.016
11.042,-7.312,-3.837
11.076,-7.276,-4.088
11.109,-7.204,-4.661
11.143,-7.204,-5.413
11.176,-7.276,-6.416
11.209,-7.312,-7.168
11.243,-7.348,-8.35
11.276,-7.168,-8.995
11.309,-7.097,-9.604
11.343,-6.882,-10.25
11.376,-6.774,-10.36
11.409,-6.774,-10.46
11.443,-6.667,-10.25
11.476,-6.631,-9.927
11.509,-6.595,-9.425
11.543,-6.38,-8.565
11.576,-6.345,-7.455
11.61,-6.13,-6.416
11.643,-6.237,-5.377
11.676,-6.273,-4.589
11.71,-6.273,-4.124
11.743,-6.273,-4.124
11.776,-6.309,-4.16
11.81,-6.309,-4.768
11.843,-6.237,-5.449
11.876,-6.165,-6.13
11.91,-6.309,-7.204
11.943,-6.416,-8.171
11.977,-6.559,-9.103
12.01,-6.918,-9.962
12.043,-7.061,-10.57
12.077,-7.061,-10.79
12.11,-7.133,-10.68
12.143,-7.133,-10.39
12.177,-7.133,-9.962
12.21,-7.276,-9.353
12.243,-7.204,-8.35
12.277,-7.24,-7.383
12.31,-7.24,-6.595
12.343,-7.24,-5.879
12.377,-7.204,-5.377
12.41,-7.097,-4.697
12.444,-7.025,-4.41
12.477,-6.953,-4.303
12.51,-6.953,-4.518
12.544,-6.953,-4.983
12.577,-7.025,-5.736
12.61,-7.025,-6.165
12.644,-6.989,-6.81
12.677,-6.846,-7.706
12.71,-6.631,-8.637
12.744,-6.488,-9.138
12.777,-6.488,-9.927
12.811,-6.452,-10.32
12.844,-6.452,-10.46
12.877,-6.452,-10.64
12.911,-6.488,-10.61
12.944,-6.488,-10.25
12.977,-6.488,-9.497
13.011,-6.452,-8.243
13.044,-6.488,-7.061
13.077,-6.559,-6.237
13.111,-6.739,-5.377
13.144,-6.882,-4.589
13.178,-6.953,-4.231
13.211,-7.025,-4.016
13.244,-7.025,-4.374
13.278,-7.025,-4.983
13.311,-7.061,-5.807
13.344,-7.24,-7.204
13.378,-7.24,-7.777
13.411,-7.24,-8.279
13.444,-7.276,-9.103
13.478,-7.276,-9.819
13.511,-7.312,-10.14
13.544,-7.312,-10.18
13.578,-7.097,-9.927
13.611,-6.953,-9.747
13.645,-6.774,-9.318
13.678,-6.774,-8.565
13.711,-6.774,-7.956
13.745,-6.739,-7.097
13.778,-6.739,-6.309
13.811,-6.595,-5.485
13.845,-6.595,-4.733
13.878,-6.524,-4.518
13.911,-6.488,-4.16
13.945,-6.416,-4.231
13.978,-6.273,-4.589
14.012,-6.165,-5.449
14.045,-6.201,-6.309
14.078,-6.309,-7.24
14.112,-6.416,-8.207
14.145,-6.416,-8.78
14.178,-6.452,-9.855
14.212,-6.416,-10.75
14.245,-6.488,-11.04
14.278,-6.739,-11.14
14.312,-6.81,-10.93
14.345,-6.918,-10.64
14.378,-7.025,-10.11
14.412,-7.168,-9.031
14.445,-7.312,-7.921
14.479,-7.312,-6.667
14.512,-7.312,-5.951
14.545,-7.312,-4.912
14.579,-7.312,-4.374
14.612,-7.348,-4.267
14.645,-7.348,-4.41
14.679,-7.348,-4.625
14.712,-7.348,-5.091
14.745,-7.348,-5.485
14.779,-7.312,-6.774
14.812,-7.276,-7.562
14.846,-7.24,-8.028
14.879,-7.168,-8.888
14.912,-7.133,-9.353
14.946,-7.061,-10.21
14.979,-6.81,-10.36
15.012,-6.739,-10.18
15.046,-6.631,-10.14
15.179,-6.094,-7.24
15.213,-6.13,-6.165
15.246,-6.13,-5.413
15.346,-6.201,-4.339
15.379,-6.201,-4.446
15.413,-6.273,-4.876
15.446,-6.345,-5.628
15.546,-6.595,-8.386
15.579,-6.774,-9.174
15.646,-6.953,-10.32
15.68,-6.953,-10.64
15.713,-7.24,-10.64
15.746,-7.312,-10.32
15.846,-7.312,-8.243
15.946,-7.276,-5.807
15.98,-7.204,-5.198
16.013,-7.24,-4.518
16.047,-7.025,-4.446
16.08,-6.989,-4.482
16.113,-6.918,-4.625
16.147,-6.882,-4.983
16.18,-6.846,-5.771
16.213,-6.667,-6.559
16.247,-6.559,-7.419
16.28,-6.595,-8.35
16.313,-6.595,-8.601
16.347,-6.524,-9.353
16.38,-6.309,-10.11
16.414,-6.345,-10.61
16.447,-6.38,-10.64
16.48,-6.416,-10.5
16.514,-6.488,-10.03
16.547,-6.524,-9.425
16.58,-6.559,-8.601
16.614,-6.631,-7.634
16.647,-6.667,-6.953
16.68,-6.81,-5.951
16.714,-6.81,-5.198
16.747,-6.918,-4.697
16.78,-7.025,-4.052
16.814,-7.025,-4.052
16.847,-7.276,-4.482
16.881,-7.24,-5.306
16.914,-7.24,-5.915
16.947,-7.312,-6.631
16.981,-7.348,-7.455
17.014,-7.312,-8.852
17.047,-7.491,-9.604
17.081,-7.491,-9.855
17.114,-7.491,-10.36
17.147,-7.24,-10.43
17.181,-7.24,-10.25
17.214,-6.953,-9.855
17.248,-6.918,-9.282
17.281,-6.846,-8.494
17.314,-6.667,-7.813
17.348,-6.595,-6.953
17.381,-6.595,-6.524
17.414,-6.273,-5.127
17.448,-6.309,-4.697
17.481,-6.309,-4.267
17.514,-6.309,-4.303
17.548,-6.201,-4.697
17.581,-6.201,-4.983
17.614,-6.201,-5.592
17.648,-6.165,-6.273
17.681,-6.273,-7.24
17.715,-6.273,-8.1
17.748,-6.273,-9.067
17.781,-6.452,-10.03
17.815,-6.452,-10.71
17.848,-6.846,-11.04
17.881,-6.846,-11.04
17.915,-6.989,-10.79
17.948,-7.276,-10.18
17.981,-7.383,-9.461
18.015,-7.383,-8.422
18.048,-7.383,-7.419
18.082,-7.455,-6.345
18.115,-7.527,-5.7
18.148,-7.527,-4.912
18.182,-7.491,-4.446
18.215,-7.527,-4.303
18.248,-7.419,-4.554
18.282,-7.419,-4.625
18.315,-7.348,-5.198
18.348,-7.276,-5.879
18.382,-7.348,-6.846
18.415,-7.312,-7.706
18.449,-7.133,-8.53
18.482,-7.025,-9.067
18.515,-6.953,-9.819
18.549,-6.703,-10.21
18.582,-6.452,-10.25
18.615,-6.452,-10.18
18.649,-6.309,-9.568
18.682,-6.309,-9.246
18.715,-6.273,-8.494
18.749,-6.273,-7.634
18.782,-6.13,-6.81
18.815,-6.165,-5.951
18.849,-6.165,-5.306
18.882,-6.165,-4.661
18.916,-6.165,-4.518
18.949,-6.165,-4.482
18.982,-6.309,-4.697
19.016,-6.38,-5.055
19.049,-6.488,-6.13
19.082,-6.559,-6.918
19.116,-6.595,-7.885
19.149,-6.667,-8.852
19.182,-6.774,-9.712
19.216,-6.846,-10.07
19.249,-6.918,-10.14
19.283,-7.061,-10.32
19.316,-7.168,-10.28
19.349,-7.276,-10.18
19.383,-7.598,-9.389
19.416,-7.383,-8.601
19.449,-7.24,-8.028
19.483,-7.204,-6.918
19.516,-7.204,-6.094
19.549,-7.168,-5.7
19.583,-7.168,-5.055
19.616,-7.097,-4.768
19.65,-6.918,-4.554
19.683,-6.882,-4.733
19.716,-6.774,-5.127
19.75,-6.774,-5.521
19.783,-6.774,-6.058
19.816,-6.524,-6.559
19.85,-6.524,-7.312
19.883,-6.237,-8.279
19.916,-6.416,-9.067
19.95,-6.309,-9.604
19.983,-6.309,-10.14
20.016,-6.38,-10.36
20.05,-6.38,-10.61
20.083,-6.631,-10.14
20.117,-6.631,-9.64
20.217,-6.703,-7.168
20.35,-7.133,-4.518
20.383,-7.133,-4.661
20.417,-7.133,-4.768
20.55,-7.527,-7.276
20.584,-7.527,-8.136
20.617,-7.348,-8.924
20.65,-7.348,-9.927
20.684,-7.312,-9.998
20.717,-7.312,-9.962
20.75,-7.097,-10.21
20.784,-6.774,-10.03
20.817,-6.774,-9.64
20.85,-6.774,-8.852
20.884,-6.524,-8.028
20.917,-6.559,-7.276
20.951,-6.416,-6.667
20.984,-6.38,-5.736
21.017,-6.345,-4.983
21.051,-6.237,-4.518
21.084,-6.201,-4.374
21.117,-6.201,-4.482
21.151,-6.201,-4.84
21.184,-6.201,-5.342
21.217,-6.273,-6.165
21.251,-6.13,-6.882
21.284,-6.309,-7.849
21.318,-6.309,-9.21
21.351,-6.345,-9.568
21.384,-6.38,-10.32
21.418,-6.774,-10.82
21.451,-6.846,-10.61
21.484,-6.918,-10.32
21.518,-6.953,-9.998
21.551,-7.025,-9.353
21.584,-7.312,-8.637
21.618,-7.419,-7.491
21.651,-7.383,-6.559
21.685,-7.383,-6.13
21.718,-7.562,-5.091
21.751,-7.527,-4.231
21.785,-7.527,-3.909
21.818,-7.419,-4.303
21.851,-7.419,-4.804
21.885,-7.491,-5.198
21.918,-7.419,-5.771
21.951,-7.348,-6.81
21.985,-7.312,-7.527
22.018,-7.097,-8.422
22.051,-7.061,-8.924
22.085,-7.061,-9.282
22.118,-6.882,-10.07
22.152,-6.667,-10.18
22.185,-6.595,-10.18
22.218,-6.416,-10.07
22.252,-6.38,-9.783
22.285,-6.309,-9.246
22.318,-6.165,-8.35
22.352,-6.13,-7.312
22.385,-6.058,-6.488
22.418,-6.094,-5.771
22.452,-6.237,-5.27
22.485,-6.38,-4.589
22.519,-6.488,-4.16
22.552,-6.488,-4.374
22.585,-6.631,-4.948
22.619,-6.631,-5.342
22.652,-6.667,-6.631
22.685,-6.703,-7.419
22.719,-6.774,-8.422
22.752,-6.918,-9.282
22.785,-6.953,-10.03
22.819,-7.097,-10.18
22.852,-7.276,-10.32
22.885,-7.276,-10.36
22.919,-7.348,-10.25
22.952,-7.383,-9.676
22.986,-7.312,-8.888
23.019,-7.204,-8.171
23.052,-7.168,-7.383
23.086,-7.168,-6.524
23.119,-7.168,-5.807
23.152,-7.025,-5.413
23.186,-6.989,-5.091
23.219,-6.918,-4.661
23.252,-6.846,-4.697
23.286,-6.703,-4.912
23.319,-6.559,-5.377
23.353,-6.524,-5.915
23.386,-6.524,-6.739
23.419,-6.452,-7.634
23.453,-6.488,-8.064
23.486,-6.452,-8.744
23.519,-6.345,-9.747
23.553,-6.309,-10.03
23.586,-6.309,-10.46
23.619,-6.345,-10.5
23.653,-6.488,-10.11
23.686,-6.631,-9.783
23.72,-6.882,-9.138
23.753,-6.846,-8.207
23.786,-6.918,-7.383
23.82,-6.918,-6.524
23.853,-6.918,-5.807
23.886,-7.133,-4.948
23.92,-7.204,-4.661
23.953,-7.312,-4.589
23.986,-7.348,-4.912
24.02,-7.455,-5.377
24.053,-7.562,-6.058
24.086,-7.598,-6.595
24.12,-7.634,-7.527
24.153,-7.562,-8.207
24.187,-7.383,-9.031
24.22,-7.276,-9.318
24.253,-7.348,-9.676
24.287,-7.348,-9.676
24.32,-7.025,-9.783
24.353,-6.846,-9.712
24.387,-6.739,-9.461
24.42,-6.667,-8.995
24.453,-6.559,-8.422
24.487,-6.452,-7.562
24.52,-6.38,-6.488
24.554,-6.309,-5.807
24.587,-6.237,-5.27
24.62,-6.237,-4.733
24.654,-6.201,-4.446
24.687,-6.201,-4.446
24.72,-6.201,-4.446
24.754,-6.201,-5.27
24.787,-6.309,-6.022
24.82,-6.309,-6.739
24.854,-6.237,-7.67
24.887,-6.273,-8.279
24.921,-6.524,-9.353
24.954,-6.524,-9.927
24.987,-6.595,-10.21
25.021,-6.882,-10.43
25.054,-7.133,-10.36
25.087,-7.276,-10.25
25.121,-7.312,-9.64
25.154,-7.383,-8.637
25.187,-7.383,-7.992
25.221,-7.419,-7.133
25.254,-7.419,-6.094
25.287,-7.455,-5.198
25.321,-7.455,-4.948
25.354,-7.383,-4.482
25.388,-7.383,-4.804
25.421,-7.383,-4.948
25.454,-7.383,-5.449
25.488,-7.312,-6.237
25.521,-7.204,-6.882
25.554,-7.061,-7.67
25.588,-7.025,-8.53
25.621,-7.025,-8.888
25.654,-6.846,-9.783
25.688,-6.774,-9.998
25.721,-6.667,-10.28
25.755,-6.488,-10.36
25.788,-6.273,-10.14
25.821,-6.237,-9.819
25.855,-6.237,-9.174
25.888,-6.201,-8.315
25.921,-6.201,-7.491
25.955,-6.201,-6.559
25.988,-6.201,-5.7
26.021,-6.201,-4.948
26.055,-6.309,-4.41
26.088,-6.452,-4.41
26.121,-6.595,-4.661
26.155,-6.81,-5.127
26.188,-6.846,-5.377
26.222,-6.953,-6.452
26.255,-6.989,-7.491
26.288,-6.953,-8.136
26.322,-6.989,-8.601
26.355,-7.133,-9.461
26.388,-7.348,-10.18
26.422,-7.348,-10.64
26.455,-7.276,-10.64
26.488,-7.025,-10.25
26.522,-7.025,-9.747
26.555,-7.025,-9.497
26.589,-6.953,-8.53
26.622,-6.918,-7.706
26.655,-6.882,-6.953
26.689,-6.81,-6.237
26.722,-6.81,-5.27
