,mass A,,
t,x,y,
0.000,-0.746,-6.468
0.033,,
0.067,,
0.100,-0.384,-3.709
0.133,,
0.167,,
0.200,-0.113,-1.493
0.234,,
0.267,,
0.300,0.249,-0.950
0.334,,
0.367,,
0.400,0.520,-2.533
0.434,,
0.467,,
0.500,0.746,-4.930
0.534,,
0.567,,
0.601,0.656,-7.056
0.634,,
0.667,,
0.701,0.384,-7.780
0.734,,
0.767,,
0.801,-6.784E-2,-6.377
0.834,,
0.868,,
0.901,-0.475,-3.754
0.934,,
0.968,,
1.001,-0.701,-1.583
1.034,,
1.068,,
1.101,-0.701,-1.131
1.134,,
1.168,,
1.201,-0.837,-2.714
1.235,,
1.268,,
1.301,-0.656,-5.292
1.335,,
1.368,,
1.401,-0.249,-7.237
1.435,,
1.468,,
1.502,0.158,-7.418
1.535,,
1.568,,
1.602,0.520,-5.970
1.635,,
1.668,,
1.702,0.746,-3.528
1.735,,
1.768,,
1.802,0.746,-1.493
1.835,,
1.869,,
1.902,0.565,-0.950
1.935,,
1.969,,
2.002,0.565,-2.352
2.035,,
2.069,,
2.102,0.294,-5.111
2.135,,
2.169,,
2.202,-0.113,-7.372
2.236,,
2.269,,
2.302,-0.384,-7.915
2.336,,
2.369,,
2.402,-0.656,-6.377
2.436,,
2.469,,
2.502,-0.656,-3.799
2.536,,
2.569,,
2.603,-0.384,-1.447
2.636,,
2.669,,
2.703,-0.113,-0.950
2.736,,
2.769,,
2.803,0.204,-2.533
2.836,,
2.870,,
2.903,0.475,-5.111
2.936,,
2.970,,
3.003,0.656,-7.146
3.036,,
3.070,,
3.103,0.611,-7.508
3.136,,
3.170,,
3.203,0.294,-6.106
3.237,,
3.270,,
3.303,-6.784E-2,-3.573
3.337,,
3.370,,
3.403,-0.520,-1.583
3.437,,
3.470,,
3.503,-0.701,-1.312
3.537,,
3.570,,
3.604,-1.018,-2.714
3.637,,
3.670,,
3.704,-0.837,-5.428
3.737,,
3.770,,
3.804,-0.520,-7.372
3.837,,
3.871,,
3.904,-6.784E-2,-7.508
3.937,,
3.971,,
4.004,0.384,-5.925
4.037,,
4.071,,
4.104,0.430,-3.211
4.137,,
4.171,,
4.204,0.611,-1.538
4.238,,
4.271,,
4.304,0.565,-1.131
4.338,,
4.371,,
4.404,0.384,-2.578
4.438,,
4.471,,
4.505,0.384,-5.111
4.538,,
4.571,,
4.605,2.261E-2,-7.282
4.638,,
4.671,,
4.705,-0.475,-7.780
4.738,,
4.771,,
4.805,-0.746,-6.151
4.838,,
4.872,,
4.905,-0.792,-3.664
4.938,,
4.972,,
5.005,-0.656,-1.538
5.038,,
5.072,,
5.105,-0.430,-1.221
5.138,,
5.172,,
5.205,-0.113,-2.804
5.239,,
5.272,,
5.305,0.430,-5.382
5.339,,
5.372,,
5.405,0.611,-6.965
5.439,,
5.472,,
5.505,0.611,-7.418
5.539,,
5.572,,
5.606,0.384,-5.970
5.639,,
5.672,,
5.706,0.113,-3.483
5.739,,
5.772,,
5.806,-0.294,-1.447
5.839,,
5.873,,
5.906,-0.520,-1.266
5.939,,
5.973,,
6.006,-0.656,-3.030
6.039,,
6.073,,
6.106,-0.701,-5.563
6.139,,
6.173,,
6.206,-0.565,-7.463
6.240,,
6.273,,
6.306,-0.158,-7.599
6.340,,
6.373,,
6.406,0.294,-5.789
6.440,,
6.473,,
6.506,0.520,-3.211
6.540,,
6.573,,
6.607,0.430,-1.402
6.640,,
6.673,,
6.707,0.430,-1.312
6.740,,
6.773,,
6.807,0.565,-2.849
6.840,,
6.874,,
6.907,0.430,-5.337
6.940,,
6.974,,
7.007,6.784E-2,-7.327
7.040,,
7.074,,
7.107,-0.294,-7.463
7.140,,
7.174,,
7.207,-0.656,-5.925
7.241,,
7.274,,
7.307,-0.746,-3.483
7.341,,
7.374,,
7.407,-0.656,-1.628
7.441,,
7.474,,
7.508,-0.520,-1.266
7.541,,
7.574,,
7.608,-0.113,-2.985
7.641,,
7.674,,
7.708,0.249,-5.337
7.741,,
7.774,,
7.808,0.430,-7.146
7.841,,
7.875,,
7.908,0.520,-7.282
7.941,,
7.975,,
8.008,0.430,-5.654
8.041,,
8.075,,
8.108,0.339,-3.257
8.141,,
8.175,,
8.208,-2.261E-2,-1.538
8.242,,
8.275,,
8.308,-0.249,-1.312
8.342,,
8.375,,
8.408,-0.475,-3.076
8.442,,
8.475,,
8.508,-0.565,-5.563
8.542,,
8.575,,
8.609,-0.475,-7.553
8.642,,
8.675,,
8.709,-0.204,-7.508
8.742,,
8.775,,
8.809,6.784E-2,-5.699
8.842,,
8.876,,
8.909,0.249,-3.211
8.942,,
8.976,,
9.009,0.430,-1.447
9.042,,
9.076,,
9.109,0.430,-1.447
9.142,,
9.176,,
9.209,0.520,-3.121
9.243,,
9.276,,
9.309,0.475,-5.382
9.343,,
9.376,,
9.409,0.249,-7.192
9.443,,
9.476,,
9.509,-0.158,-7.372
9.543,,
9.576,,
9.610,-0.565,-5.654
9.643,,
9.676,,
9.710,-0.701,-3.302
9.743,,
9.776,,
9.810,-0.701,-1.493
9.843,,
9.877,,
9.910,-0.611,-1.493
9.943,,
9.977,,
10.010,-0.294,-3.211
10.043,,
10.077,,
10.110,-2.261E-2,-5.518
10.143,,
10.177,,
10.210,0.294,-7.237
10.244,,
10.277,,
10.310,0.520,-7.101
10.344,,
10.377,,
10.410,0.475,-5.428
10.444,,
10.477,,
10.511,0.294,-2.985
10.544,,
10.577,,
10.611,2.261E-2,-1.493
10.644,,
10.677,,
10.711,-0.204,-1.493
10.744,,
10.777,,
10.811,-0.430,-3.257
10.844,,
10.878,,
10.911,-0.520,-5.789
10.944,,
10.978,,
11.011,-0.520,-7.599
11.044,,
11.078,,
11.111,-0.475,-7.508
11.144,,
11.178,,
11.211,-0.113,-5.609
11.245,,
11.278,,
11.311,0.158,-3.166
11.345,,
11.378,,
11.411,0.249,-1.493
11.445,,
11.478,,
11.511,0.384,-1.583
11.545,,
11.578,,
11.612,0.475,-3.257
11.645,,
11.678,,
11.712,0.430,-5.654
11.745,,
11.778,,
11.812,0.294,-7.282
11.845,,
11.879,,
11.912,-2.261E-2,-7.192
11.945,,
11.979,,
12.012,-0.475,-5.518
12.045,,
12.079,,
12.112,-0.656,-3.076
12.145,,
12.179,,
12.212,-0.792,-1.402
12.246,,
12.279,,
12.312,-0.611,-1.674
12.346,,
12.379,,
12.412,-0.430,-3.483
12.446,,
12.479,,
12.512,-6.784E-2,-5.925
12.546,,
12.579,,
12.613,0.384,-7.372
12.646,,
12.679,,
12.713,0.384,-7.056
12.746,,
12.779,,
12.813,0.611,-5.201
12.846,,
12.880,,
12.913,0.294,-3.030
12.946,,
12.980,,
13.013,0.204,-1.402
13.046,,
13.080,,
13.113,6.784E-2,-1.583
13.146,,
13.180,,
13.213,-0.204,-3.437
13.247,,
13.280,,
13.313,-0.384,-5.880
13.347,,
13.380,,
13.413,-0.520,-7.599
13.447,,
13.480,,
13.514,-0.430,-7.372
13.547,,
13.580,,
13.614,-0.204,-5.337
13.647,,
13.680,,
13.714,2.261E-2,-2.940
13.747,,
13.780,,
13.814,0.113,-1.493
13.847,,
13.881,,
13.914,0.339,-1.583
13.947,,
13.981,,
14.014,0.475,-3.392
14.047,,
14.081,,
14.114,0.475,-5.563
14.147,,
14.181,,
14.214,0.384,-7.192
14.248,,
14.281,,
14.314,0.158,-7.011
14.348,,
14.381,,
14.414,-0.294,-5.201
14.448,,
14.481,,
14.514,-0.611,-2.849
14.548,,
14.581,,
14.615,-0.746,-1.447
14.648,,
14.681,,
14.715,-0.656,-1.764
14.748,,
14.781,,
14.815,-0.430,-3.799
14.848,,
14.882,,
14.915,-6.784E-2,-5.970
14.948,,
14.982,,
15.015,0.249,-7.463
15.048,,
15.082,,
15.115,0.384,-6.965
15.148,,
15.182,,
15.215,0.611,-5.156
15.249,,
15.282,,
15.315,0.384,-2.940
15.349,,
15.382,,
15.415,0.294,-1.447
15.449,,
15.482,,
15.515,2.261E-2,-1.764
15.549,,
15.582,,
15.616,2.261E-2,-3.664
15.649,,
15.682,,
15.716,-0.294,-6.061
15.749,,
15.782,,
15.816,-0.475,-7.553
15.849,,
15.883,,
15.916,-0.475,-7.101
15.949,,
15.983,,
16.016,-0.430,-5.201
16.049,,
16.083,,
16.116,-0.158,-2.940
16.149,,
16.183,,
16.216,6.784E-2,-1.583
16.250,,
16.283,,
16.316,0.204,-1.764
16.350,,
16.383,,
16.416,0.475,-3.709
16.450,,
16.483,,
16.517,0.475,-5.789
16.550,,
16.583,,
16.617,0.430,-7.146
16.650,,
16.683,,
16.717,0.113,-6.965
16.750,,
16.783,,
16.817,-0.249,-4.930
16.850,,
16.884,,
16.917,-0.520,-2.669
16.950,,
16.984,,
17.017,-0.656,-1.447
17.050,,
17.084,,
17.117,-0.656,-1.854
17.150,,
17.184,,
17.217,-0.475,-4.025
17.251,,
17.284,,
17.317,-0.204,-6.196
17.351,,
17.384,,
17.417,0.113,-7.418
17.451,,
17.484,,
17.517,0.294,-6.920
17.551,,
17.584,,
17.618,0.565,-4.930
17.651,,
17.684,,
17.718,0.520,-2.669
17.751,,
17.784,,
17.818,0.294,-1.628
17.851,,
17.885,,
17.918,0.204,-1.809
17.951,,
17.985,,
18.018,6.784E-2,-3.845
18.051,,
18.085,,
18.118,-0.249,-6.106
18.151,,
18.185,,
18.218,-0.294,-7.463
18.252,,
18.285,,
18.318,-0.475,-7.056
18.352,,
18.385,,
18.418,-0.339,-4.975
18.452,,
18.485,,
18.518,-0.249,-2.849
18.552,,
18.585,,
18.619,-2.261E-2,-1.628
18.652,,
18.685,,
18.719,0.249,-1.990
18.752,,
18.785,,
18.819,0.384,-4.025
18.852,,
18.886,,
18.919,0.475,-6.106
18.952,,
18.986,,
19.019,0.294,-7.101
19.052,,
19.086,,
19.119,0.158,-6.830
19.152,,
19.186,,
19.219,-0.158,-4.794
19.253,,
19.286,,
19.319,-0.384,-2.669
19.353,,
19.386,,
19.419,-0.611,-1.357
19.453,,
19.486,,
19.520,-0.611,-2.126
19.553,,
19.586,,
19.620,-0.565,-4.071
19.653,,
19.686,,
19.720,-0.249,-6.332
19.753,,
19.786,,
19.820,2.261E-2,-7.463
19.853,,
19.887,,
19.920,0.339,-6.694
19.953,,
19.987,,
20.020,0.520,-4.749
20.053,,
20.087,,
20.120,0.294,-2.442
20.153,,
20.187,,
20.220,0.204,-1.357
20.254,,
20.287,,
20.320,0.249,-1.990
20.354,,
20.387,,
20.420,0.113,-4.071
20.454,,
20.487,,
20.520,-6.784E-2,-6.242
20.554,,
20.587,,
20.621,-0.249,-7.463
20.654,,
20.687,,
20.721,-0.339,-6.920
20.754,,
20.787,,
20.821,-0.384,-4.749
20.854,,
20.888,,
20.921,-0.339,-2.623
20.954,,
20.988,,
21.021,-0.158,-1.538
21.054,,
21.088,,
21.121,0.113,-2.216
21.154,,
21.188,,
21.221,0.294,-4.252
21.255,,
21.288,,
21.321,0.339,-6.242
21.355,,
21.388,,
21.421,0.294,-7.237
21.455,,
21.488,,
21.521,0.158,-6.468
21.555,,
21.588,,
21.622,-0.113,-4.568
21.655,,
21.688,,
21.722,-0.384,-2.352
21.755,,
21.788,,
21.822,-0.520,-1.357
21.855,,
21.889,,
21.922,-0.565,-2.216
21.955,,
21.989,,
22.022,-0.430,-4.206
22.055,,
22.089,,
22.122,-0.430,-6.468
22.155,,
22.189,,
22.222,-2.261E-2,-7.553
22.256,,
22.289,,
22.322,0.204,-6.604
22.356,,
22.389,,
22.422,0.294,-4.613
22.456,,
22.489,,
22.523,0.339,-2.397
22.556,,
22.589,,
22.623,0.294,-1.447
22.656,,
22.689,,
22.723,0.249,-2.171
22.756,,
22.789,,
22.823,0.158,-4.116
22.856,,
22.890,,
22.923,-6.784E-2,-6.332
22.956,,
22.990,,
23.023,-0.204,-7.327
23.056,,
23.090,,
23.123,-0.475,-6.513
23.156,,
23.190,,
23.223,-0.430,-4.613
23.257,,
23.290,,
23.323,-0.475,-2.352
23.357,,
23.390,,
23.423,-0.249,-1.538
23.457,,
23.490,,
23.523,2.261E-2,-2.261
23.557,,
23.590,,
23.624,0.204,-4.342
23.657,,
23.690,,
23.724,0.339,-6.423
23.757,,
23.790,,
23.824,0.475,-7.192
23.857,,
23.891,,
23.924,0.204,-6.377
23.957,,
23.991,,
24.024,2.261E-2,-4.387
24.057,,
24.091,,
24.124,-0.339,-2.216
24.157,,
24.191,,
24.224,-0.520,-1.538
24.258,,
24.291,,
24.324,-0.475,-2.307
24.358,,
24.391,,
24.424,-0.475,-4.659
24.458,,
24.491,,
24.524,-0.249,-6.649
24.558,,
24.591,,
24.625,-0.113,-7.418
24.658,,
24.691,,
24.725,0.249,-6.468
24.758,,
24.791,,
24.825,0.384,-4.252
24.858,,
24.892,,
24.925,0.249,-2.171
24.958,,
24.992,,
25.025,0.384,-1.493
25.058,,
25.092,,
25.125,0.294,-2.307
25.158,,
25.192,,
25.225,0.158,-4.387
25.259,,
25.292,,
25.325,2.261E-2,-6.423
25.359,,
25.392,,
25.425,-0.158,-7.146
25.459,,
25.492,,
25.526,-0.430,-6.287
25.559,,
25.592,,
25.626,-0.475,-4.252
25.659,,
25.692,,
25.726,-0.430,-2.216
25.759,,
25.792,,
25.826,-0.339,-1.583
25.859,,
25.893,,
25.926,-0.158,-2.488
25.959,,
25.993,,
26.026,0.113,-4.523
26.059,,
26.093,,
26.126,0.430,-6.604
26.159,,
26.193,,
26.226,0.430,-7.146
26.260,,
26.293,,
26.326,0.294,-6.106
26.360,,
26.393,,
26.426,2.261E-2,-4.071
26.460,,
26.493,,
26.526,-0.249,-2.171
26.560,,
26.593,,
26.627,-0.384,-1.493
26.660,,
26.693,,
26.727,-0.430,-2.488
26.760,,
26.793,,
26.827,-0.430,-4.659
26.860,,
26.894,,
26.927,-0.339,-6.739
26.960,,
26.994,,
27.027,-0.113,-7.372
27.060,,
27.094,,
27.127,0.158,-6.242
27.160,,
27.194,,
27.227,0.249,-4.071
27.261,,
27.294,,
27.327,0.339,-2.171
27.361,,
27.394,,
27.427,0.294,-1.493
27.461,,
27.494,,
27.527,0.339,-2.488
27.561,,
27.594,,
27.628,0.204,-4.568
27.661,,
27.694,,
27.728,0.113,-6.468
27.761,,
27.794,,
27.828,-0.113,-7.101
27.861,,
27.895,,
27.928,-0.430,-6.423
27.961,,
27.995,,
28.028,-0.430,-4.161
28.061,,
28.095,,
28.128,-0.430,-2.081
28.161,,
28.195,,
28.228,-0.294,-1.583
28.262,,
28.295,,
28.328,-0.158,-2.669
28.362,,
28.395,,
28.428,0.204,-4.840
28.462,,
28.495,,
28.529,0.339,-6.694
28.562,,
28.595,,
28.629,0.430,-7.146
28.662,,
28.695,,
28.729,0.339,-6.016
28.762,,
28.795,,
28.829,0.158,-3.935
28.862,,
28.896,,
28.929,-0.113,-2.216
28.962,,
28.996,,
29.029,-0.294,-1.493
29.062,,
29.096,,
29.129,-0.384,-2.669
29.162,,
29.196,,
29.229,-0.565,-4.885
29.263,,
29.296,,
29.329,-0.294,-6.830
29.363,,
29.396,,
29.429,-6.784E-2,-7.463
29.463,,
29.496,,
29.529,6.784E-2,-6.196
29.563,,
29.596,,
29.630,0.294,-3.799
29.663,,
29.696,,
29.730,0.294,-1.945
29.763,,
29.796,,
29.830,0.294,-1.538
29.863,,
29.897,,
29.930,0.204,-2.759
29.963,,
29.997,,
30.030,0.158,-4.885
30.063,,
30.097,,
30.130,6.784E-2,-6.649
30.163,,
30.197,,
30.230,-6.784E-2,-7.011
30.264,,
30.297,,
30.330,-0.294,-5.925
30.364,,
30.397,,
30.430,-0.384,-3.890
30.464,,
30.497,,
30.530,-0.475,-1.945
30.564,,
30.597,,
30.631,-0.384,-1.719
30.664,,
30.697,,
30.731,-0.158,-2.895
30.764,,
30.797,,
30.831,0.113,-5.111
30.864,,
30.898,,
30.931,0.249,-6.739
30.964,,
30.998,,
31.031,0.339,-7.056
31.064,,
31.098,,
31.131,0.475,-5.835
31.164,,
31.198,,
31.231,0.113,-3.573
31.265,,
31.298,,
31.331,-0.113,-1.900
31.365,,
31.398,,
31.431,-0.204,-1.583
31.465,,
31.498,,
31.532,-0.339,-2.804
31.565,,
31.598,,
31.632,-0.384,-5.021
31.665,,
31.698,,
31.732,-0.339,-6.739
31.765,,
31.798,,
31.832,-0.158,-7.192
31.865,,
31.899,,
31.932,2.261E-2,-5.789
31.965,,
31.999,,
32.032,0.158,-3.709
32.065,,
32.099,,
32.132,0.249,-1.900
32.165,,
32.199,,
32.232,0.249,-1.674
32.266,,
32.299,,
32.332,0.249,-2.940
32.366,,
32.399,,
32.432,0.339,-5.111
32.466,,
32.499,,
32.532,0.158,-6.604
32.566,,
32.599,,
32.633,-2.261E-2,-6.875
32.666,,
32.699,,
32.733,-0.294,-5.699
32.766,,
32.799,,
32.833,-0.475,-3.618
32.866,,
32.900,,
32.933,-0.520,-2.126
32.966,,
33.000,,
33.033,-0.384,-1.809
33.066,,
33.100,,
33.133,-0.294,-3.076
33.166,,
33.200,,
33.233,2.261E-2,-5.156
33.267,,
33.300,,
33.333,0.204,-6.875
33.367,,
33.400,,
33.433,0.430,-7.101
33.467,,
33.500,,
33.533,0.249,-5.428
33.567,,
33.600,,
33.634,0.204,-3.347
33.667,,
33.700,,
33.734,-2.261E-2,-1.945
33.767,,
33.800,,
33.834,-0.113,-1.719
33.867,,
33.901,,
33.934,-0.294,-3.076
33.967,,
34.001,,
34.034,-0.339,-5.247
34.067,,
34.101,,
34.134,-0.384,-6.739
34.167,,
34.201,,
34.234,-0.294,-7.056
34.268,,
34.301,,
34.334,6.784E-2,-5.428
34.368,,
34.401,,
34.434,0.113,-3.392
34.468,,
34.501,,
34.535,0.294,-1.900
34.568,,
34.601,,
34.635,0.384,-1.674
34.668,,
34.701,,
34.735,0.339,-3.166
34.768,,
34.801,,
34.835,0.384,-5.201
